個体,/ja/archive/bcb001
個体,/ja/archive/bcb002
個体,/ja/archive/bcb004
個体,/ja/archive/bcb006
個体,/ja/archive/bpp001
個体,/ja/archive/bpp002
個体,/ja/archive/bpp003
個体,/ja/archive/bpp004
個体,/ja/archive/pns003
個体,/ja/archive/pmp001-pmp002-pmp003-pmp004-pmp005-pmp006
個体,/ja/archive/pmp007-pmp008-pmp009
個体,/ja/archive/pmp010-pmp011-pmp012-pmp013-pmp014-pmp015-pmp016-pmp017
個体,/ja/archive/pmp018-pmp019-pmp020-pmp021-pmp022-pmp023-pmp024-pmp025
個体,/ja/archive/pmp026-pmp027-pmp028-pmp029-pmp030-pmp031
個体,/ja/archive/pmp032-pmp033-pmp034-pmp035-pmp036-pmp037-pmp038
個体,/ja/archive/pmp039-pmp040-pmp041-pmp042-pmp043-pmp044-pmp045
個体,/ja/archive/pmp046-pmp047-pmp048-pmp049-pmp050
個体,/ja/archive/pmp051-pmp052-pmp053-pmp054-pmp055-pmp056-pmp057-pmp058-pmp059-pmp060-pmp061-pmp062-pmp063
個体,/ja/archive/pmp064-pmp065-pmp066-pmp067-pmp068-pmp069-pmp070-pmp071-pmp072
個体,/ja/archive/pmp073-pmp074-pmp075-pmp076-pmp077-pmp078-pmp079-pmp080-pmp081-pmp082-pmp083-pmp084-pmp085
個体,/ja/archive/pmp089-pmp090-pmp091-pmp092-pmp093-pmp094-pmp095-pmp096-pmp097-pmp098-pmp099-pmp100-pmp101
個体,/ja/archive/zsr001
個体,/ja/archive/zsr002
個体,/ja/archive/zsr003
個体,/ja/archive/zsr004
個体,/ja/archive/zsr005
個体,/ja/archive/zsr006
個体,/ja/archive/zsr007
個体,/ja/archive/zsr008
個体,/ja/archive/zsr009
個体,/ja/archive/zsr011
個体,/ja/archive/zsr012
個体,/ja/archive/zsr013
個体,/ja/archive/zpa001-zpa003-zpa006-zpa017
個体,/ja/archive/zzs001-zzs002
個体,/ja/archive/zzs003-zzs004
個体,/ja/archive/zzs005
個体,/ja/archive/zzs006
個体,/ja/archive/zzs007
個体,/ja/archive/zzs008
個体,/ja/archive/zzs009
個体,/ja/archive/zzs010
個体,/ja/archive/zzs011
個体,/ja/archive/zzs012
個体,/ja/archive/zzs013
個体,/ja/archive/zzs014
個体,/ja/archive/zzs015
個体,/ja/archive/zzs016
個体,/ja/archive/zzs017
個体,/ja/archive/zzs018
個体,/ja/archive/zzs019
個体,/ja/archive/zzs020
個体,/ja/archive/zzs021
個体,/ja/archive/zzs022
個体,/ja/archive/zzs023-zzs027
個体,/ja/archive/zzs024
個体,/ja/archive/zzs025
個体,/ja/archive/zzs026
個体,/ja/archive/zzs028
個体,/ja/archive/zzs029
個体,/ja/archive/zzs030
個体,/ja/archive/zzs031
個体,/ja/archive/zzs032
個体,/ja/archive/zzs033
個体,/ja/archive/zzs034-zzs038
個体,/ja/archive/zzs035
個体,/ja/archive/zzs036
個体,/ja/archive/zzs037
個体,/ja/archive/zzs039
個体,/ja/archive/zzs040
個体,/ja/archive/zzs041
個体,/ja/archive/zzs042
個体,/ja/archive/zzs043
個体,/ja/archive/zzs044
個体,/ja/archive/zzs045-zzs046
個体,/ja/archive/zzs047
個体,/ja/archive/zzs048
個体,/ja/archive/zzs049
個体,/ja/archive/zzs050
個体,/ja/archive/zzs051
個体,/ja/archive/zzs052
個体,/ja/archive/zzs053
個体,/ja/archive/zzs054
個体,/ja/archive/zzs055
個体,/ja/archive/zzs056
個体,/ja/archive/zzs057
個体,/ja/archive/zzs058
個体,/ja/archive/zzs059-zzs060-zzs061
個体,/ja/archive/zzs062
個体,/ja/archive/zzs063
個体,/ja/archive/zzs064-zzs065
個体,/ja/archive/zzs066
個体,/ja/archive/zzs067
個体,/ja/archive/zzs068
個体,/ja/archive/zzs069
個体,/ja/archive/zzs070
個体,/ja/archive/zzs071
個体,/ja/archive/zzs072
個体,/ja/archive/zzs073
個体,/ja/archive/zzs074-zzs075
個体,/ja/archive/zzs076-zzs077-zzs078
個体,/ja/archive/zzs079
個体,/ja/archive/zzs080
個体,/ja/archive/zzs081
個体,/ja/archive/zzs082
個体,/ja/archive/zzs083
個体,/ja/archive/zzs084
個体,/ja/archive/zzs085
個体,/ja/archive/zzs086
個体,/ja/archive/zzs087
個体,/ja/archive/zzs088-zzs089
個体,/ja/archive/zzs090
個体,/ja/archive/zzs091
個体,/ja/archive/zzs092
個体,/ja/archive/zzs093
個体,/ja/archive/zzs094-zzs096
個体,/ja/archive/zzs095
個体,/ja/archive/zzs097
個体,/ja/archive/zzs098
個体,/ja/archive/zzs099
個体,/ja/archive/zzs100
個体,/ja/archive/zzs101
個体,/ja/archive/zzs102
個体,/ja/archive/zzs103
個体,/ja/archive/zzs104-zzs105-zzs106
個体,/ja/archive/zzs107-zzs108
個体,/ja/archive/zzs109
個体,/ja/archive/zzs110
個体,/ja/archive/zzs111
個体,/ja/archive/zzs112
個体,/ja/archive/zzs113
個体,/ja/archive/zzs114
個体,/ja/archive/zzs115
個体,/ja/archive/zzs116
個体,/ja/archive/zzs117
個体,/ja/archive/zzs118
個体,/ja/archive/zzs119
個体,/ja/archive/zzs120
個体,/ja/archive/zet001
個体,/ja/archive/zet002
個体,/ja/archive/zet003
個体,/ja/archive/zet004
個体,/ja/archive/zet005
個体,/ja/archive/zet006
個体,/ja/archive/zet007
個体,/ja/archive/zet008
個体,/ja/archive/zet009
個体,/ja/archive/zet010
個体,/ja/archive/zet011
個体,/ja/archive/zet012
個体,/ja/archive/zet013
個体,/ja/archive/zet014
個体,/ja/archive/zet015
個体,/ja/archive/zet016
個体,/ja/archive/zae001
個体,/ja/archive/zae002
個体,/ja/archive/zae003
個体,/ja/archive/zae004
個体,/ja/archive/zae005
個体,/ja/archive/zae006
個体,/ja/archive/zae007
個体,/ja/archive/zae008
個体,/ja/archive/zae009
個体,/ja/archive/zae010
個体,/ja/archive/zae011
個体,/ja/archive/zae012
個体,/ja/archive/zae013
個体,/ja/archive/zae014
個体,/ja/archive/zae015
個体,/ja/archive/zae016
個体,/ja/archive/zhe001
個体,/ja/archive/zhe002
個体,/ja/archive/zhe003
個体,/ja/archive/zhe004
個体,/ja/archive/zhe005
個体,/ja/archive/zhe006
個体,/ja/archive/zhe007
個体,/ja/archive/zhe008
個体,/ja/archive/zhe009
個体,/ja/archive/zhe010
個体,/ja/archive/zhe012
個体,/ja/archive/zhe013
個体,/ja/archive/zhe015
個体,/ja/archive/zhe016
個体,/ja/archive/zhe017
個体,/ja/archive/zhe018
個体,/ja/archive/zhe019
個体,/ja/archive/zhe021
個体,/ja/archive/zhe022
個体,/ja/archive/zhe023
個体,/ja/archive/zhe024
個体,/ja/archive/zhe025
個体,/ja/archive/zhe026
個体,/ja/archive/zhe027
個体,/ja/archive/zhe028
個体,/ja/archive/zhe029
個体,/ja/archive/zhe030
個体,/ja/archive/zhe031
個体,/ja/archive/zhe032
個体,/ja/archive/zhe033
個体,/ja/archive/zhe034
個体,/ja/archive/zhe035
個体,/ja/archive/zhe036
個体,/ja/archive/zhe037
個体,/ja/archive/zhe038
個体,/ja/archive/zhe039
個体,/ja/archive/zhe040
個体,/ja/archive/zhe041
個体,/ja/archive/zhe042
個体,/ja/archive/zhe043
個体,/ja/archive/zhe044
個体,/ja/archive/zhe045
個体,/ja/archive/zhe046
個体,/ja/archive/zhe047
個体,/ja/archive/zhe048
個体,/ja/archive/zhe049
個体,/ja/archive/zhe050
個体,/ja/archive/zhe051
個体,/ja/archive/zhe052
個体,/ja/archive/zhe053
個体,/ja/archive/zhe054
個体,/ja/archive/zhe056
個体,/ja/archive/zhe057
個体,/ja/archive/zhe058
個体,/ja/archive/zhe059
個体,/ja/archive/zhe061
個体,/ja/archive/zhe062
個体,/ja/archive/zhe063
個体,/ja/archive/zhe064
個体,/ja/archive/zhe066
個体,/ja/archive/zhe067
個体,/ja/archive/zhe068
個体,/ja/archive/zhe070
個体,/ja/archive/zhe071
個体,/ja/archive/zhe072
個体,/ja/archive/zhe073
個体,/ja/archive/zhe074
個体,/ja/archive/zhe075
個体,/ja/archive/zhe076
個体,/ja/archive/zhe080
個体,/ja/archive/zhe081
個体,/ja/archive/zhe082
個体,/ja/archive/zhe083
個体,/ja/archive/zhe084
個体,/ja/archive/bps001-bps002-bps003
個体,/ja/archive/bps007
個体,/ja/archive/bps021
個体,/ja/archive/bps028
個体,/ja/archive/bps032
個体,/ja/archive/bps033-bps034
個体,/ja/archive/bps040
個体,/ja/archive/bps041
個体,/ja/archive/bps042-bps043
個体,/ja/archive/bps044-bps045
個体,/ja/archive/bps054-bps055
個体,/ja/archive/bps056
個体,/ja/archive/bps059
個体,/ja/archive/bps063
個体,/ja/archive/bps064
個体,/ja/archive/bps066-bps067
個体,/ja/archive/bps068
個体,/ja/archive/bps069-bps070
個体,/ja/archive/bps071
個体,/ja/archive/bps072-bps073-bps074-bps075-bps076-bps077
個体,/ja/archive/bps078
個体,/ja/archive/bps092
個体,/ja/archive/bps093-bps094
個体,/ja/archive/bps096
個体,/ja/archive/bps097-bps098
個体,/ja/archive/bps106-bps107
個体,/ja/archive/bps117-bps118
個体,/ja/archive/bps124
個体,/ja/archive/bps128-bps129-bps130
個体,/ja/archive/bps131-bps132-bps133
個体,/ja/archive/bps134-bps135-bps136
個体,/ja/archive/bps140
個体,/ja/archive/bps145
個体,/ja/archive/bps148
個体,/ja/archive/bps149-bps150
個体,/ja/archive/bps161-bps162
個体,/ja/archive/bps178
個体,/ja/archive/bps184-bps185-bps196
個体,/ja/archive/bps190-bps191
個体,/ja/archive/bps192
個体,/ja/archive/bps195
個体,/ja/archive/bps204-bps206
個体,/ja/archive/bps205-bps207
個体,/ja/archive/bps215
個体,/ja/archive/bps220
個体,/ja/archive/bps224
個体,/ja/archive/bps226
個体,/ja/archive/bps228
個体,/ja/archive/bps229
個体,/ja/archive/bps230
個体,/ja/archive/bps231
個体,/ja/archive/bps236
個体,/ja/archive/bps239-bps240-bps243
個体,/ja/archive/bps241-bps244
個体,/ja/archive/bps251-bps252-bps253-bps257
個体,/ja/archive/bps254-bps255-bps256
個体,/ja/archive/bps276
個体,/ja/archive/bps277
個体,/ja/archive/bps279-bps280
個体,/ja/archive/bps281
個体,/ja/archive/bps282
個体,/ja/archive/bps283
個体,/ja/archive/bps284
個体,/ja/archive/bps285
個体,/ja/archive/bps308-bps309-bps310-bps311
個体,/ja/archive/bps361-bps362
個体,/ja/archive/bps373-bps376
個体,/ja/archive/bps380
個体,/ja/archive/bps381
個体,/ja/archive/bps382
個体,/ja/archive/bps383
個体,/ja/archive/bps386-bps387
個体,/ja/archive/bps388-bps389
個体,/ja/archive/bps401
個体,/ja/archive/bps403-bps404-bps405
個体,/ja/archive/bps406-bps407
個体,/ja/archive/bps408-bps409-bps410
個体,/ja/archive/bps414-bps415
個体,/ja/archive/bps416-bps417
個体,/ja/archive/pmb001
個体,/ja/archive/pmb002
個体,/ja/archive/zhe085
個体,/ja/archive/zzs121
個体,/ja/archive/zhe086
個体,/ja/archive/zhe087
個体,/ja/archive/zzs122
個体,/ja/archive/zhe088
個体,/ja/archive/zhe090
個体,/ja/archive/zhe091
個体,/ja/archive/zhe089
個体群,/ja/archive/bcb003
個体群,/ja/archive/zpa002-zpa007-zpa010
個体群,/ja/archive/zhe011
個体群,/ja/archive/zhe014
個体群,/ja/archive/zhe020
個体群,/ja/archive/zhe055
個体群,/ja/archive/zhe065
個体群,/ja/archive/zhe069
個体群,/ja/archive/zhe077
個体群,/ja/archive/zhe078
個体群,/ja/archive/zhe079
個体群,/ja/archive/bps004-bps005-bps006
個体群,/ja/archive/bps008-bps009
個体群,/ja/archive/bps012-bps013-bps014-bps015-bps016-bps017-bps018-bps019
個体群,/ja/archive/bps029
個体群,/ja/archive/bps030-bps031
個体群,/ja/archive/bps060-bps061-bps062
個体群,/ja/archive/bps087-bps088
個体群,/ja/archive/bps104-bps105
個体群,/ja/archive/bps120
個体群,/ja/archive/bps126
個体群,/ja/archive/bps127
個体群,/ja/archive/bps146
個体群,/ja/archive/bps174-bps175
個体群,/ja/archive/bps176
個体群,/ja/archive/bps177
個体群,/ja/archive/bps181-bps182-bps183
個体群,/ja/archive/bps197-bps198-bps199-bps200
個体群,/ja/archive/bps201-bps202
個体群,/ja/archive/bps208
個体群,/ja/archive/bps209
個体群,/ja/archive/bps210-bps211
個体群,/ja/archive/bps212
個体群,/ja/archive/bps213
個体群,/ja/archive/bps227
個体群,/ja/archive/bps242-bps245-bps246
個体群,/ja/archive/bps247-bps248
個体群,/ja/archive/bps295-bps296-bps297-bps298
個体群,/ja/archive/bps318
個体群,/ja/archive/bps319-bps320
個体群,/ja/archive/bps322
個体群,/ja/archive/bps323-bps324
個体群,/ja/archive/bps326
個体群,/ja/archive/bps327
個体群,/ja/archive/bps328
個体群,/ja/archive/bps329
個体群,/ja/archive/bps330
個体群,/ja/archive/bps333
個体群,/ja/archive/bps334-bps335
個体群,/ja/archive/bps336
個体群,/ja/archive/bps337
個体群,/ja/archive/bps338
個体群,/ja/archive/bps339
個体群,/ja/archive/bps340
個体群,/ja/archive/bps341
個体群,/ja/archive/bps342
個体群,/ja/archive/bps344
個体群,/ja/archive/bps345
個体群,/ja/archive/bps363
個体群,/ja/archive/bps364
個体群,/ja/archive/bps368-bps369-bps370-bps371-bps372
個体群,/ja/archive/bps384-bps385
個体群,/ja/archive/bps402
個体群,/ja/archive/bps411-bps412
分子,/ja/archive/psp001
分子,/ja/archive/psp002
分子,/ja/archive/psp003
分子,/ja/archive/pns001
分子,/ja/archive/pns002
分子,/ja/archive/ptb001
分子,/ja/archive/ptb002
分子,/ja/archive/ptb003
分子,/ja/archive/ptb004
分子,/ja/archive/pmp501
細胞小器官,/ja/archive/bpc001
細胞小器官,/ja/archive/bpc002
細胞小器官,/ja/archive/bpc003
細胞小器官,/ja/archive/bpc004
細胞小器官,/ja/archive/bpc005
細胞小器官,/ja/archive/bpc006
細胞小器官,/ja/archive/bpc007
細胞小器官,/ja/archive/bpc008
細胞小器官,/ja/archive/bpc009
細胞小器官,/ja/archive/bpc010
細胞,/ja/archive/zdb001
組織,/ja/archive/zpa004-zpa005-zpa008-zpa011-zpa016-zpa024
組織,/ja/archive/zpa009-zpa019-zpa022
組織,/ja/archive/zpa012
組織,/ja/archive/zpa013-zpa018
組織,/ja/archive/zpa014
組織,/ja/archive/zpa015
組織,/ja/archive/zpa020
組織,/ja/archive/zpa021
組織,/ja/archive/zpa023
組織,/ja/archive/zpa025
組織,/ja/archive/zpa026
組織,/ja/archive/zpa027
組織,/ja/archive/zpa028
組織,/ja/archive/zpa029
組織,/ja/archive/zpa030
組織,/ja/archive/zpa031
組織,/ja/archive/zpa032
組織,/ja/archive/zpa033
組織,/ja/archive/zpa034
組織,/ja/archive/zpa035-zpa038
組織,/ja/archive/zpa036
組織,/ja/archive/zpa037
組織,/ja/archive/zpa039
器官,/ja/archive/zsr010
器官,/ja/archive/bps010-bps011
器官,/ja/archive/bps020
器官,/ja/archive/bps022
器官,/ja/archive/bps023
器官,/ja/archive/bps035-bps036
器官,/ja/archive/bps037-bps038-bps039
器官,/ja/archive/bps046-bps047
器官,/ja/archive/bps048
器官,/ja/archive/bps049-bps050
器官,/ja/archive/bps051-bps052
器官,/ja/archive/bps053
器官,/ja/archive/bps057-bps058
器官,/ja/archive/bps065
器官,/ja/archive/bps079-bps080
器官,/ja/archive/bps081-bps082-bps083-bps084-bps085
器官,/ja/archive/bps086
器官,/ja/archive/bps089-bps090
器官,/ja/archive/bps091
器官,/ja/archive/bps095
器官,/ja/archive/bps099-bps100-bps101
器官,/ja/archive/bps102-bps103
器官,/ja/archive/bps108-bps110
器官,/ja/archive/bps109-bps111
器官,/ja/archive/bps112
器官,/ja/archive/bps113
器官,/ja/archive/bps114
器官,/ja/archive/bps115
器官,/ja/archive/bps116
器官,/ja/archive/bps119
器官,/ja/archive/bps121
器官,/ja/archive/bps122
器官,/ja/archive/bps123
器官,/ja/archive/bps125
器官,/ja/archive/bps137
器官,/ja/archive/bps138-bps139
器官,/ja/archive/bps141-bps142-bps143-bps144
器官,/ja/archive/bps147
器官,/ja/archive/bps151-bps152
器官,/ja/archive/bps153-bps155-bps156
器官,/ja/archive/bps154
器官,/ja/archive/bps157
器官,/ja/archive/bps158-bps159
器官,/ja/archive/bps160
器官,/ja/archive/bps163
器官,/ja/archive/bps164
器官,/ja/archive/bps165-bps166
器官,/ja/archive/bps167-bps168-bps169
器官,/ja/archive/bps170
器官,/ja/archive/bps171-bps172
器官,/ja/archive/bps173
器官,/ja/archive/bps179-bps180
器官,/ja/archive/bps186-bps187-bps188-bps189
器官,/ja/archive/bps193
器官,/ja/archive/bps194
器官,/ja/archive/bps203
器官,/ja/archive/bps214
器官,/ja/archive/bps216-bps217-bps218
器官,/ja/archive/bps219-bps221-bps222-bps223
器官,/ja/archive/bps225
器官,/ja/archive/bps232-bps233-bps234
器官,/ja/archive/bps235
器官,/ja/archive/bps237
器官,/ja/archive/bps238
器官,/ja/archive/bps249-bps250
器官,/ja/archive/bps258-bps259-bps260-bps261
器官,/ja/archive/bps262
器官,/ja/archive/bps263-bps264
器官,/ja/archive/bps265
器官,/ja/archive/bps266-bps267-bps268
器官,/ja/archive/bps269-bps270
器官,/ja/archive/bps271
器官,/ja/archive/bps272
器官,/ja/archive/bps273-bps274
器官,/ja/archive/bps275
器官,/ja/archive/bps278
器官,/ja/archive/bps289-bps290-bps291-bps292-bps293-bps294
器官,/ja/archive/bps299-bps300-bps301-bps302-bps303
器官,/ja/archive/bps304
器官,/ja/archive/bps305-bps306-bps307
器官,/ja/archive/bps312-bps313-bps314
器官,/ja/archive/bps315-bps316-bps325
器官,/ja/archive/bps317
器官,/ja/archive/bps321
器官,/ja/archive/bps346
器官,/ja/archive/bps347-bps348
器官,/ja/archive/bps349-bps350-bps351
器官,/ja/archive/bps352-bps353-bps354-bps355
器官,/ja/archive/bps356-bps357
器官,/ja/archive/bps358-bps359-bps360
器官,/ja/archive/bps365
器官,/ja/archive/bps366
器官,/ja/archive/bps367
器官,/ja/archive/bps374-bps375
器官,/ja/archive/bps377
器官,/ja/archive/bps378
器官,/ja/archive/bps379
器官,/ja/archive/bps390-bps391
器官,/ja/archive/bps392-bps393
器官,/ja/archive/bps394-bps395
器官,/ja/archive/bps396-bps397-bps398
器官,/ja/archive/bps399-bps400
器官,/ja/archive/bps413
器官,/ja/archive/bps418
生物群集,/ja/archive/bcb005
生物群集,/ja/archive/zhe060
生物群集,/ja/archive/bps024-bps025-bps026-bps027
生物群集,/ja/archive/bps286
生物群集,/ja/archive/bps287
生物群集,/ja/archive/bps288
生物群集,/ja/archive/bps331-bps332
生物群集,/ja/archive/bps343
