イボウキクサ一個体の画像,個体,/ja/archive/bcb001
イボウキクサのライフサイクル,個体,/ja/archive/bcb002
古典的なウキクサ株,個体,/ja/archive/bcb004
オジギソウの就眠運動（概日リズム）,個体,/ja/archive/bcb006
ダイコン芽生えの暗所成長,個体,/ja/archive/bpp001
ダイコン芽生えの明所成長,個体,/ja/archive/bpp002
ダイコン芽生えの光屈性,個体,/ja/archive/bpp003
ハクサイ芽生えのフック解消,個体,/ja/archive/bpp004
マウスを用いた視運動性眼球運動の観察,個体,/ja/archive/pns003
アカハライモリ,個体,/ja/archive/pmp001-pmp002-pmp003-pmp004-pmp005-pmp006
キスジフキヤガエル,個体,/ja/archive/pmp007-pmp008-pmp009
サンゴトラザメ,個体,/ja/archive/pmp010-pmp011-pmp012-pmp013-pmp014-pmp015-pmp016-pmp017
スポッテドガー,個体,/ja/archive/pmp018-pmp019-pmp020-pmp021-pmp022-pmp023-pmp024-pmp025
アフリカツメガエル,個体,/ja/archive/pmp026-pmp027-pmp028-pmp029-pmp030-pmp031
タイガーサラマンダー,個体,/ja/archive/pmp032-pmp033-pmp034-pmp035-pmp036-pmp037-pmp038
トランカタスヤドクガエル,個体,/ja/archive/pmp039-pmp040-pmp041-pmp042-pmp043-pmp044-pmp045
バフンウニ,個体,/ja/archive/pmp046-pmp047-pmp048-pmp049-pmp050
プロトプテルスドロイ,個体,/ja/archive/pmp051-pmp052-pmp053-pmp054-pmp055-pmp056-pmp057-pmp058-pmp059-pmp060-pmp061-pmp062-pmp063
ポリプテルスセネガルス,個体,/ja/archive/pmp064-pmp065-pmp066-pmp067-pmp068-pmp069-pmp070-pmp071-pmp072
バロンマダガスカルガエル,個体,/ja/archive/pmp073-pmp074-pmp075-pmp076-pmp077-pmp078-pmp079-pmp080-pmp081-pmp082-pmp083-pmp084-pmp085
メキシコサラマンダー,個体,/ja/archive/pmp089-pmp090-pmp091-pmp092-pmp093-pmp094-pmp095-pmp096-pmp097-pmp098-pmp099-pmp100-pmp101
外来種マダラコウラナメクジ（成体）,個体,/ja/archive/zsr001
マダラコウラナメクジの幼体,個体,/ja/archive/zsr002
マダラコウラナメクジの卵,個体,/ja/archive/zsr003
産卵中のマダラコウラナメクジ,個体,/ja/archive/zsr004
チャコウラナメクジの成体,個体,/ja/archive/zsr005
在来種ナメクジ,個体,/ja/archive/zsr006
ナメクジの卵,個体,/ja/archive/zsr007
ヤマナメクジ,個体,/ja/archive/zsr008
ノハラナメクジ,個体,/ja/archive/zsr009
マダラコウラナメクジの歩行の様子,個体,/ja/archive/zsr011
外来種マダラコウラナメクジ（成体）,個体,/ja/archive/zsr012
マダラコウラナメクジの歩行の様子,個体,/ja/archive/zsr013
イラン、マラゲーにおける後期中新世化石サイト,個体,/ja/archive/zpa001-zpa003-zpa006-zpa017
Astrochelys radiata,個体,/ja/archive/zzs001-zzs002
Chalarodon madagascariensis,個体,/ja/archive/zzs003-zzs004
Crystoblephaurus boutonii cognatus,個体,/ja/archive/zzs005
Furcifer labordi,個体,/ja/archive/zzs006
Furcifer verrcosus,個体,/ja/archive/zzs007
Oplurus cyclurus,個体,/ja/archive/zzs008
Oplurus saxicola,個体,/ja/archive/zzs009
Oplurus saxicola,個体,/ja/archive/zzs010
Phelsuma lineata,個体,/ja/archive/zzs011
Pyxis planicauda,個体,/ja/archive/zzs012
Zonosaurus kartensi,個体,/ja/archive/zzs013
Zonosaurus kartensi?,個体,/ja/archive/zzs014
Stenophis betsileanus,個体,/ja/archive/zzs015
Uroplatus fimbriatus,個体,/ja/archive/zzs016
Phelsuma lineata,個体,/ja/archive/zzs017
Phelsuma quadriocellata,個体,/ja/archive/zzs018
Calumma nasuta,個体,/ja/archive/zzs019
Liopholidophis varius,個体,/ja/archive/zzs020
Madascincus melanopleua,個体,/ja/archive/zzs021
Thamnosophis infrasignatus,個体,/ja/archive/zzs022
Mimophis mahfalensis,個体,/ja/archive/zzs023-zzs027
Thamnosophis stumpffi,個体,/ja/archive/zzs024
Hemidactylus frenatus?,個体,/ja/archive/zzs025
Leioheterdon modestus,個体,/ja/archive/zzs026
Hemidactylus mercatorius,個体,/ja/archive/zzs028
Madagascarophis colubrinus,個体,/ja/archive/zzs029
Trachylepis elegans,個体,/ja/archive/zzs030
Tachylepis aureopunctata,個体,/ja/archive/zzs031
Lygodactylus klemmeri?,個体,/ja/archive/zzs032
Furcifer verrcosus,個体,/ja/archive/zzs033
Gekkolepis polylepis,個体,/ja/archive/zzs034-zzs038
Acrantophis dumerilli,個体,/ja/archive/zzs035
Tracheloptychus madagascariensis,個体,/ja/archive/zzs036
Zonosaurus karsteni,個体,/ja/archive/zzs037
Dromicodryas bernieri,個体,/ja/archive/zzs039
Oplurus cuvieri,個体,/ja/archive/zzs040
Paroedura picta,個体,/ja/archive/zzs041
Madascincus polleni,個体,/ja/archive/zzs042
Voetzkowia rubrocaudata,個体,/ja/archive/zzs043
Liophidium torquatum,個体,/ja/archive/zzs044
Leioheterodon geayi,個体,/ja/archive/zzs045-zzs046
Phelsuma madagascariensis grandis,個体,/ja/archive/zzs047
Uroplatus henkeli,個体,/ja/archive/zzs048
Zonosaurus rufipes,個体,/ja/archive/zzs049
Trachylepis gravenhorsti,個体,/ja/archive/zzs050
Dromicodryas quadrilineatus,個体,/ja/archive/zzs051
Phelsuma laticauda,個体,/ja/archive/zzs052
Calumma boetgeri,個体,/ja/archive/zzs053
Paroedura stumpffi,個体,/ja/archive/zzs054
Brookesia stumpffi,個体,/ja/archive/zzs055
Brookesia minima,個体,/ja/archive/zzs056
Zonosaurus rufipes,個体,/ja/archive/zzs057
Ithycyphus miniatus,個体,/ja/archive/zzs058
Pseudoacontias unicolor,個体,/ja/archive/zzs059-zzs060-zzs061
Uroplatus henkeli,個体,/ja/archive/zzs062
Furcifer pardalis,個体,/ja/archive/zzs063
Stenophis variablis,個体,/ja/archive/zzs064-zzs065
Gekkolepis maculata,個体,/ja/archive/zzs066
Uroplatus henkeli,個体,/ja/archive/zzs067
Hemidactylus mabouia,個体,/ja/archive/zzs068
Phelsuma abbotti,個体,/ja/archive/zzs069
Furcifer pardalis,個体,/ja/archive/zzs070
Trachylepis gravenhorsti,個体,/ja/archive/zzs071
Madagascarophis colubrinus,個体,/ja/archive/zzs072
Sanzinia madagascariensis,個体,/ja/archive/zzs073
Zonosaurus madagascariensis,個体,/ja/archive/zzs074-zzs075
Sanzinia madagascariensis,個体,/ja/archive/zzs076-zzs077-zzs078
Amphiglossus stumpffi,個体,/ja/archive/zzs079
Crystoblephaurus boutonii cognatus,個体,/ja/archive/zzs080
Gekkolepis maculata,個体,/ja/archive/zzs081
Acrantophis madagascariensis,個体,/ja/archive/zzs082
Typhlops domerguei,個体,/ja/archive/zzs083
Phelsuma quadriocellata,個体,/ja/archive/zzs084
Zonosaurus ornatus,個体,/ja/archive/zzs085
Calumma brevicornis,個体,/ja/archive/zzs086
Amphiglossus melanurus,個体,/ja/archive/zzs087
Calumma balteatus,個体,/ja/archive/zzs088-zzs089
Liopholidophis sexlineatus,個体,/ja/archive/zzs090
Geodipsas infralineata,個体,/ja/archive/zzs091
Zonosaurus aeneus,個体,/ja/archive/zzs092
Uroplatus phantacticus,個体,/ja/archive/zzs093
Calumma brevicornis,個体,/ja/archive/zzs094-zzs096
Calumma oshaughnessyi,個体,/ja/archive/zzs095
Uroplatus phantacticus,個体,/ja/archive/zzs097
Calumma willsii,個体,/ja/archive/zzs098
Tachylepis aureopunctata,個体,/ja/archive/zzs099
Hemidactylus mercatorius,個体,/ja/archive/zzs100
Tracheloptychus madagascariensis,個体,/ja/archive/zzs101
Zonosaurus trilineatus,個体,/ja/archive/zzs102
Dromicodryas bernieri,個体,/ja/archive/zzs103
Pyxis arachnoides,個体,/ja/archive/zzs104-zzs105-zzs106
Phelsuma mutablilis,個体,/ja/archive/zzs107-zzs108
Furcifer verrcosus,個体,/ja/archive/zzs109
Paroedura androyensis,個体,/ja/archive/zzs110
Oplurus saxicola,個体,/ja/archive/zzs111
Gekkolepis typica,個体,/ja/archive/zzs112
Paroedura bastardi,個体,/ja/archive/zzs113
Amphiglossus cf. polleni,個体,/ja/archive/zzs114
Heteroliodon occipitalis,個体,/ja/archive/zzs115
Furcifer lateralis,個体,/ja/archive/zzs116
Amphiglossus igneocaudatus,個体,/ja/archive/zzs117
Trachylepis vato,個体,/ja/archive/zzs118
Phelsuma breviceps,個体,/ja/archive/zzs119
Lygodactylus pictus,個体,/ja/archive/zzs120
トビトカゲの威嚇ディスプレイ(1),個体,/ja/archive/zet001
トビトカゲの威嚇ディスプレイ(2),個体,/ja/archive/zet002
ボルネオにおけるトビトカゲの社会行動(1),個体,/ja/archive/zet003
ボルネオにおけるトビトカゲの社会行動(2),個体,/ja/archive/zet004
ボルネオにおけるトビトカゲの社会行動(3),個体,/ja/archive/zet005
ボルネオにおけるトビトカゲの社会行動(4),個体,/ja/archive/zet006
トビトカゲの翼の仕組みと色,個体,/ja/archive/zet007
ヤマカガシの頸腺を用いた防御ディスプレイ,個体,/ja/archive/zet008
エサをめぐるアカマタの闘争行動(1),個体,/ja/archive/zet009
エサをめぐるアカマタの闘争行動(2),個体,/ja/archive/zet010
アカマタのウミガメ捕食行動(1),個体,/ja/archive/zet011
アカマタのウミガメ捕食行動(2),個体,/ja/archive/zet012
トカゲの尾の自切による捕食回避,個体,/ja/archive/zet013
ナゴヤダルマガエルのメスの鳴き声,個体,/ja/archive/zet014
トノサマガエルのメスの鳴き声,個体,/ja/archive/zet015
トノサマガエルの産卵,個体,/ja/archive/zet016
ブラ―ミニメクラヘビによるシロアリの頭部切断行動,個体,/ja/archive/zae001
ヤマカガシの対捕食者行動,個体,/ja/archive/zae002
キュヴィエブキオトカゲの闘争,個体,/ja/archive/zae003
キュヴィエブキオトカゲの産卵,個体,/ja/archive/zae004
ウスタレカメオンの産卵,個体,/ja/archive/zae005
ウスタレカメレオンの卵を食べるマダガスカルオオシシバナヘビ (1),個体,/ja/archive/zae006
ウスタレカメレオンの卵を食べるマダガスカルオオシシバナヘビ (2),個体,/ja/archive/zae007
マダガスカルオオシシバナヘビの餌探索行動,個体,/ja/archive/zae008
ナガレガエルの足旗行動,個体,/ja/archive/zae009
ヤマカガシにおける妊娠中の食性の変化,個体,/ja/archive/zae010
アカハライモリをくわえたシマヘビの死体,個体,/ja/archive/zae011
コウガイビルによるブラ―ミニメクラヘビの捕食行動,個体,/ja/archive/zae012
マイマイカブリの地理的変異,個体,/ja/archive/zae013
シュリマイマイに対するイワサキセダカヘビの捕食成功,個体,/ja/archive/zae014
リュウキュウヒダリマキマイマイに対するイワサキセダカヘビの捕食失敗,個体,/ja/archive/zae015
イッシキマイマイに対するイワサキセダカヘビの捕食失敗,個体,/ja/archive/zae016
金華山におけるニホンザルの抱擁行動,個体,/ja/archive/zhe001
屋久島におけるニホンザルの抱擁行動（体側型）,個体,/ja/archive/zhe002
屋久島におけるニホンザルの抱擁行動（対面型）,個体,/ja/archive/zhe003
小豆島銚子渓におけるニホンザルの頬袋からの餌強奪行動,個体,/ja/archive/zhe004
小豆島銚子渓のニホンザルが作る非常に大きなサル団子,個体,/ja/archive/zhe005
小豆島銚子渓のニホンザルによる相互毛づくろい,個体,/ja/archive/zhe006
小豆島銚子渓のニホンザルによる3頭の同時毛づくろい,個体,/ja/archive/zhe007
小豆島銚子渓のオトナメスによる石遊び,個体,/ja/archive/zhe008
嵐山のオトナメスによる石遊び,個体,/ja/archive/zhe009
嵐山における出産後12時間以内のニホンザルの新生児,個体,/ja/archive/zhe010
屋久島におけるニホンザルオスのマスターベーション,個体,/ja/archive/zhe012
屋久島におけるニホンザルオスのマスターベーションで射精した精液の採食,個体,/ja/archive/zhe013
屋久島におけるニホンザルとニホンジカの一時的混群,個体,/ja/archive/zhe015
屋久島の超高齢オスニホンザル,個体,/ja/archive/zhe016
屋久島のニホンザルコドモのひとり水遊び,個体,/ja/archive/zhe017
金華山島のニホンザルのコドモ間で見られた物体を巡って生じる追いかけっこ,個体,/ja/archive/zhe018
下北半島南西部の老齢ニホンザルメス,個体,/ja/archive/zhe019
コスタリカ・サンタロサのジョフロイクモザルにおけるメス間の攻撃交渉,個体,/ja/archive/zhe021
コスタリカ・サンタロサのジョフロイクモザルのセミブラキエーション,個体,/ja/archive/zhe022
コスタリカ・サンタロサのノドジロオマキザルの警戒音,個体,/ja/archive/zhe023
コスタリカ・サンタロサのノドジロオマキザルの地上昆虫食,個体,/ja/archive/zhe024
コスタリカ・サンタロサのマントホエザルの交尾,個体,/ja/archive/zhe025
コスタリカ・サンタロサのマントホエザルのラウドコール,個体,/ja/archive/zhe026
カメルーン・カラマルエのパタスモンキーにおける母親同士の乳母行動,個体,/ja/archive/zhe027
カメルーン・カラマルエのパタスモンキーのオトナメスからハレムリーダーオスへの毛づくろい,個体,/ja/archive/zhe028
カメルーン・カラマルエにおいてタマリンドの樹上で日中休息するパタスモンキー,個体,/ja/archive/zhe029
カメルーン・カラマルエのコドモのパタスモンキーによるスイレンの花の採食,個体,/ja/archive/zhe030
カメルーン・カラマルエのタンタルスモンキーにおける母親同士の乳母行動,個体,/ja/archive/zhe031
カメルーン・カラマルエのタンタルスーオスの警戒音,個体,/ja/archive/zhe032
タイ・カオサムロイヨットにおけるダスキールトンの豆の葉食,個体,/ja/archive/zhe033
タイ・カオサムロイヨットのカニクイザルのオトナオス,個体,/ja/archive/zhe034
タイ・カオカップ寺院の仏像の周囲に座るベニガオザル,個体,/ja/archive/zhe035
ボルネオオランウータンの枯れ枝割りと昆虫食,個体,/ja/archive/zhe036
ボルネオオランウータン母子の食物移動,個体,/ja/archive/zhe037
積雪のなか日向ぼっこをするニホンザル,個体,/ja/archive/zhe038
積雪のなか互いに身を寄せあって休息するニホンザル,個体,/ja/archive/zhe039
吹雪のなか互いに身を寄せあうニホンザル,個体,/ja/archive/zhe040
マハレ山塊国立公園のチンパンジのオトナオス,個体,/ja/archive/zhe041
マハレ山塊国立公園の3歳のアカンボウのチンパンジー,個体,/ja/archive/zhe042
休息するロエストモンキー,個体,/ja/archive/zhe043
休息するレッドテイルモンキー,個体,/ja/archive/zhe044
休息するブルーモンキー,個体,/ja/archive/zhe045
マハレ山塊国立公園におけるチンパンジー の対角毛づくろい,個体,/ja/archive/zhe046
マハレ山塊国立公園におけるチンパンジー の三者間毛づくろい,個体,/ja/archive/zhe047
マハレ山塊国立公園におけるチンパンジー のメスの腫脹した性皮,個体,/ja/archive/zhe048
マハレ山塊国立公園におけるチンパンジーのオスへの挨拶行動,個体,/ja/archive/zhe049
マハレ山塊国立公園におけるレモンを食べるチンパンジー,個体,/ja/archive/zhe050
アカンボウを運ぶチンパンジー母親,個体,/ja/archive/zhe051
手を伸ばしてオスに挨拶するチンパンジーのメス。,個体,/ja/archive/zhe052
チンパンジーの対角毛づくろい,個体,/ja/archive/zhe053
チンパンジーの道具使用,個体,/ja/archive/zhe054
チンパンジーの岩なめ行動,個体,/ja/archive/zhe056
ミリアントゥスの果実を採食するチンパンジーのオトナオス,個体,/ja/archive/zhe057
アフリカショウガの髄を採食するチンパンジーのコドモメス,個体,/ja/archive/zhe058
ツルでブランコ遊びをするチンパンジーのコドモメス,個体,/ja/archive/zhe059
鹿児島県屋久島でヤマモモの未熟果を採食するニホンザル,個体,/ja/archive/zhe061
鹿児島県屋久島に生息するニホンザルでみられた4個体を含む社会的毛づくろい,個体,/ja/archive/zhe062
口之永良部島新岳の噴火による降灰とヤクシマザル,個体,/ja/archive/zhe063
遠視の老齢ニホンザルによる毛づくろい行動,個体,/ja/archive/zhe064
海藻を食べる金華山島のニホンザル,個体,/ja/archive/zhe066
冬期に樹皮を採食する白山麓のニホンザル,個体,/ja/archive/zhe067
雪の中を移動するニホンザルの親子,個体,/ja/archive/zhe068
温泉に入る地獄谷のニホンザル,個体,/ja/archive/zhe070
ニホンザルにおけるグルーミングの開始と交代,個体,/ja/archive/zhe071
石を疑似採食するニホンザルのコドモ,個体,/ja/archive/zhe072
嵐山のニホンザルオトナメスの石遊び,個体,/ja/archive/zhe073
ハイナンアカゲザルのオトナオス,個体,/ja/archive/zhe074
ハイナンアカゲザルのマウンティング行動,個体,/ja/archive/zhe075
石灰岩の崖で休息するフランソワルトンの一群,個体,/ja/archive/zhe076
ヒョウのオトナオス,個体,/ja/archive/zhe080
キイロヒヒのグルーミング,個体,/ja/archive/zhe081
ツメナシカワウソ,個体,/ja/archive/zhe082
アフリカヒョウが捕食したブッシュピッグ,個体,/ja/archive/zhe083
アフリカヒョウの糞,個体,/ja/archive/zhe084
Phyllanthus emblicaの果実,個体,/ja/archive/bps001-bps002-bps003
Utricularia salwinensisの花,個体,/ja/archive/bps007
Meconpsis racemosaの花,個体,/ja/archive/bps021
Megacodon stylophorusの花,個体,/ja/archive/bps028
テンナンショウ属の一種の花,個体,/ja/archive/bps032
Aletris paucifloraの花,個体,/ja/archive/bps033-bps034
Aletris glabraの花,個体,/ja/archive/bps040
Lloydia yunnanensisの花,個体,/ja/archive/bps041
Parnassia nubicolaの花,個体,/ja/archive/bps042-bps043
Thalictrum delavayiの花,個体,/ja/archive/bps044-bps045
Ophiopogon bodinieriの花,個体,/ja/archive/bps054-bps055
Aletris paucifloraの花,個体,/ja/archive/bps056
Aletris paucifloraの花,個体,/ja/archive/bps059
Meconpsis racemosaの花,個体,/ja/archive/bps063
Silene nigrescensの花,個体,/ja/archive/bps064
Corydalis melanochloraの花,個体,/ja/archive/bps066-bps067
Draba involucrataの花,個体,/ja/archive/bps068
Soroseris hookerianaの花,個体,/ja/archive/bps069-bps070
Polygonatum dolichocarpumの若い果実,個体,/ja/archive/bps071
Balanophora laxifloraの花,個体,/ja/archive/bps072-bps073-bps074-bps075-bps076-bps077
Roscoea schneiderianaの花,個体,/ja/archive/bps078
Habenaria humidicolaの花,個体,/ja/archive/bps092
Dolomiaea berardioideaの花,個体,/ja/archive/bps093-bps094
Lloydia yunnanensisの花,個体,/ja/archive/bps096
Rhododendron decorumの花,個体,/ja/archive/bps097-bps098
シャガの花と果実,個体,/ja/archive/bps106-bps107
ユクノキの花,個体,/ja/archive/bps117-bps118
ホウチャクソウの蕾,個体,/ja/archive/bps124
ヒメナベワリの花,個体,/ja/archive/bps128-bps129-bps130
ツクシショウジョウバカマの果実,個体,/ja/archive/bps131-bps132-bps133
ミヤマカタバミの花,個体,/ja/archive/bps134-bps135-bps136
ミヤマカタバミの花,個体,/ja/archive/bps140
ツマトリソウの花,個体,/ja/archive/bps145
イチリンソウの花,個体,/ja/archive/bps148
モズの早贄,個体,/ja/archive/bps149-bps150
オオミスジコウガイビル,個体,/ja/archive/bps161-bps162
フタリシズカの花,個体,/ja/archive/bps178
コナスビの花,個体,/ja/archive/bps184-bps185-bps196
シマイボクサの花,個体,/ja/archive/bps190-bps191
トベラの花,個体,/ja/archive/bps192
ナンゴクホウチャクソウの花,個体,/ja/archive/bps195
イワベンケイの花,個体,/ja/archive/bps204-bps206
チシマアマナの花,個体,/ja/archive/bps205-bps207
ハクサンイチゲの花,個体,/ja/archive/bps215
オガラバナの花,個体,/ja/archive/bps220
オサバグサの花,個体,/ja/archive/bps224
ミツバオウレンの花,個体,/ja/archive/bps226
セリバシオガマの花,個体,/ja/archive/bps228
イワカガミの花,個体,/ja/archive/bps229
ツガザクラの花,個体,/ja/archive/bps230
ハイマツ,個体,/ja/archive/bps231
コケモモの花,個体,/ja/archive/bps236
チシマアマナの花,個体,/ja/archive/bps239-bps240-bps243
ハクサンイチゲの花,個体,/ja/archive/bps241-bps244
コキンバイザサの花,個体,/ja/archive/bps251-bps252-bps253-bps257
Chlorophytum subundulatumの花,個体,/ja/archive/bps254-bps255-bps256
ヒメオドリコソウの花,個体,/ja/archive/bps276
ウラシマソウの花,個体,/ja/archive/bps277
ヒトリシズカの花,個体,/ja/archive/bps279-bps280
ニリンソウの花,個体,/ja/archive/bps281
ヒトリシズカの花,個体,/ja/archive/bps282
ミノコバイモの花,個体,/ja/archive/bps283
カタクリの花,個体,/ja/archive/bps284
ヒロハノアマナの果実,個体,/ja/archive/bps285
ナンテンの花,個体,/ja/archive/bps308-bps309-bps310-bps311
インドゾウ,個体,/ja/archive/bps361-bps362
スイギュウ,個体,/ja/archive/bps373-bps376
ミノコバイモの蕾,個体,/ja/archive/bps380
セツブンソウの花,個体,/ja/archive/bps381
ミノコバイモの花,個体,/ja/archive/bps382
キバナノアマナの花,個体,/ja/archive/bps383
ミノコバイモの花,個体,/ja/archive/bps386-bps387
カタクリの花,個体,/ja/archive/bps388-bps389
ウメガサソウの花,個体,/ja/archive/bps401
ヤマボウシの花,個体,/ja/archive/bps403-bps404-bps405
フタリシズカの花,個体,/ja/archive/bps406-bps407
クロユリの花,個体,/ja/archive/bps408-bps409-bps410
ヤシュウハナゼキショウの花,個体,/ja/archive/bps414-bps415
キヌガサソウの花,個体,/ja/archive/bps416-bps417
研究室で飼育しているニホンメダカ,個体,/ja/archive/pmb001
小胞体ストレスセンサーIRE1aの発現部位でGFPが光るメダカ胚,個体,/ja/archive/pmb002
コイタチ,個体,/ja/archive/zhe085
ヨツワクガビルのミミズ捕食,個体,/ja/archive/zzs121
船越山モンキーパークの金色の体毛を持つニホンザルのメス”ひかり”,個体,/ja/archive/zhe086
老眼のメスによる毛づくろい,個体,/ja/archive/zhe087
オットンガエルの鼻孔から頭部を覗かせるアマミクガビル,個体,/ja/archive/zzs122
オトナメスの木ゆすり,個体,/ja/archive/zhe088
メスによるオスへの交尾催促,個体,/ja/archive/zhe090
コドモによる紙切れ取り合い遊び,個体,/ja/archive/zhe091
オトナメスによるオトナオスへのマウンティング,個体,/ja/archive/zhe089
イボウキクサの培養風景,個体群,/ja/archive/bcb003
イラン、マラゲーにおける後期中新世化石サイトでの発掘風景,個体群,/ja/archive/zpa002-zpa007-zpa010
淡路島のニホンザルによる”サル”文字,個体群,/ja/archive/zhe011
屋久島のニホンザルにおける両性群とオスグループの攻撃的な出会い,個体群,/ja/archive/zhe014
和歌山県大池地域のタイワンザル交雑群,個体群,/ja/archive/zhe020
チンパンジーの肉食,個体群,/ja/archive/zhe055
金華山島に生息するニホンザルのオスグループ,個体群,/ja/archive/zhe065
小豆島のニホンザルによる大規模な休息集団,個体群,/ja/archive/zhe069
マンドリルの大集団の行列,個体群,/ja/archive/zhe077
ガボン・ムカラバ国立公園のマンドリル,個体群,/ja/archive/zhe078
シママングースの集団,個体群,/ja/archive/zhe079
Aletris stellifloraの花,個体群,/ja/archive/bps004-bps005-bps006
Aletris paucifloraの花,個体群,/ja/archive/bps008-bps009
マオウ属の一種,個体群,/ja/archive/bps012-bps013-bps014-bps015-bps016-bps017-bps018-bps019
Meconpsis racemosaの花,個体群,/ja/archive/bps029
Tofieldia divergensの花,個体群,/ja/archive/bps030-bps031
Saussurea medusa,個体群,/ja/archive/bps060-bps061-bps062
Aletris paucifloraの花,個体群,/ja/archive/bps087-bps088
Lloydia oxycarpaの花,個体群,/ja/archive/bps104-bps105
ヤマブキソウの花,個体群,/ja/archive/bps120
タニギキョウの花,個体群,/ja/archive/bps126
サツマイナモリの花,個体群,/ja/archive/bps127
チゴユリの花,個体群,/ja/archive/bps146
バイケイソウ,個体群,/ja/archive/bps174-bps175
ヒカゲノカズラの胞子嚢穂,個体群,/ja/archive/bps176
マンネンスギの胞子嚢穂,個体群,/ja/archive/bps177
オキナワチドリの花,個体群,/ja/archive/bps181-bps182-bps183
ショウジョウバカマの花,個体群,/ja/archive/bps197-bps198-bps199-bps200
ハクサンイチゲの花,個体群,/ja/archive/bps201-bps202
ショウジョウバカマの花,個体群,/ja/archive/bps208
シナノキンバイの花,個体群,/ja/archive/bps209
ヒメイワショウブの蕾,個体群,/ja/archive/bps210-bps211
ミヤマアキノキリンソウの花,個体群,/ja/archive/bps212
タカネヨモギの花,個体群,/ja/archive/bps213
イワウメの花,個体群,/ja/archive/bps227
ウルップソウの花,個体群,/ja/archive/bps242-bps245-bps246
コマクサ,個体群,/ja/archive/bps247-bps248
アイナエの花,個体群,/ja/archive/bps295-bps296-bps297-bps298
チングルマの果実,個体群,/ja/archive/bps318
イワイチョウの花,個体群,/ja/archive/bps319-bps320
ライチョウ,個体群,/ja/archive/bps322
ライチョウ,個体群,/ja/archive/bps323-bps324
ヒジキ,個体群,/ja/archive/bps326
ヒトエグサ,個体群,/ja/archive/bps327
ボタンアオサ,個体群,/ja/archive/bps328
ウミトラノオ,個体群,/ja/archive/bps329
フクロノリ,個体群,/ja/archive/bps330
ガラガラ,個体群,/ja/archive/bps333
ボウアオノリ,個体群,/ja/archive/bps334-bps335
アオモグサ,個体群,/ja/archive/bps336
ピリヒバ,個体群,/ja/archive/bps337
ヨレモクモドキ,個体群,/ja/archive/bps338
アミジグサ,個体群,/ja/archive/bps339
サビモドキ,個体群,/ja/archive/bps340
ウミウチワ,個体群,/ja/archive/bps341
スリコギヅタ,個体群,/ja/archive/bps342
アオモグサ,個体群,/ja/archive/bps344
ムカデノリ,個体群,/ja/archive/bps345
シロアリの結婚飛行（1）,個体群,/ja/archive/bps363
シロアリの結婚飛行（2）,個体群,/ja/archive/bps364
チーク,個体群,/ja/archive/bps368-bps369-bps370-bps371-bps372
セツブンソウの花,個体群,/ja/archive/bps384-bps385
フタリシズカの花,個体群,/ja/archive/bps402
ヤマトユキザサの花,個体群,/ja/archive/bps411-bps412
Lys63結合型のジユビキチン（緑）とRap80のUIM領域（ピンク）の複合体,分子,/ja/archive/psp001
IL-18（青色リボン）とIL-18受容体αおよびβ（緑、橙）からなる三者複合体,分子,/ja/archive/psp002
IL-18（分子表面図）とIL-18受容体αおよびβ（緑、橙）からなる三者複合体,分子,/ja/archive/psp003
シナプス後部周辺におけるグルタミン酸受容体のエキソサイトーシス,分子,/ja/archive/pns001
シナプス後部周辺におけるグルタミン酸受容体のエンドサイトーシス,分子,/ja/archive/pns002
ヌクレオソームの回転共役スライディング,分子,/ja/archive/ptb001
ヌクレオソームの回転非共役スライディング,分子,/ja/archive/ptb002
ダイニンのパワーストローク運動,分子,/ja/archive/ptb003
バクテリアのDNA複製開始複合体のモデリングシミュレーション,分子,/ja/archive/ptb004
視細胞の光情報変換,分子,/ja/archive/pmp501
AP4MサブユニットはTGNマーカーSYP43と共局在する,細胞小器官,/ja/archive/bpc001
AP4Mサブユニットはtrans-GolgiマーカーSTと一部共局在する,細胞小器官,/ja/archive/bpc002
AP4Mサブユニットは液胞前区画マーカーARA7と共局在しない,細胞小器官,/ja/archive/bpc003
AP4MサブユニットはAP1M2と部分的に共局在する,細胞小器官,/ja/archive/bpc004
AP2Mサブユニットは細胞膜に局在する,細胞小器官,/ja/archive/bpc005
AP1M2サブユニットはTGNマーカーVHAa1と共局在する,細胞小器官,/ja/archive/bpc006
AP1M2サブユニットはTGNマーカーSYP43と共局在する,細胞小器官,/ja/archive/bpc007
AP1M2サブユニットは液胞前区画マーカーARA7と共局在しない,細胞小器官,/ja/archive/bpc008
AP1M2サブユニットは液胞前区画マーカーSNX1と共局在しない,細胞小器官,/ja/archive/bpc009
AP1M2サブユニットはGolgiマーカーSYP32と共局在しない,細胞小器官,/ja/archive/bpc010
メラノサイトから表皮細胞へのメラニン顆粒輸送,細胞,/ja/archive/zdb001
ヒッパリオンの下顎化石,組織,/ja/archive/zpa004-zpa005-zpa008-zpa011-zpa016-zpa024
マイオトラゴケロスの頭蓋化石,組織,/ja/archive/zpa009-zpa019-zpa022
ヒッパリオンの下顎とメタポディアル,組織,/ja/archive/zpa012
コエロロフォドンの橈尺骨、頭蓋？,組織,/ja/archive/zpa013-zpa018
哺乳類の肋骨化石,組織,/ja/archive/zpa014
肋骨の取り上げ風景,組織,/ja/archive/zpa015
ヒッパリオンの下顎印象,組織,/ja/archive/zpa020
哺乳類の体肢骨、椎骨,組織,/ja/archive/zpa021
哺乳類の体肢骨、椎骨,組織,/ja/archive/zpa023
プロストレプシケロスの頭蓋骨,組織,/ja/archive/zpa025
哺乳類の体肢骨,組織,/ja/archive/zpa026
コエロロフォドンの体肢骨、椎骨,組織,/ja/archive/zpa027
哺乳類の四肢骨,組織,/ja/archive/zpa028
プロストレプシケロスの頭蓋骨,組織,/ja/archive/zpa029
寛骨の取り上げ風景？,組織,/ja/archive/zpa030
反芻類のメタポディアル,組織,/ja/archive/zpa031
哺乳類の四肢骨,組織,/ja/archive/zpa032
ヒッパリオンの下顎骨と体肢骨？,組織,/ja/archive/zpa033
中型哺乳類の頭蓋骨、四肢骨,組織,/ja/archive/zpa034
ヒッパリオンの頭蓋化石,組織,/ja/archive/zpa035-zpa038
コエロロフォドンの臼歯,組織,/ja/archive/zpa036
哺乳類の四肢骨,組織,/ja/archive/zpa037
哺乳類の化石印象,組織,/ja/archive/zpa039
チャコウラナメクジの脳,器官,/ja/archive/zsr010
Rhododendron sanguineumの花,器官,/ja/archive/bps010-bps011
Geranium delavayiの花,器官,/ja/archive/bps020
Halenia ellipticaの花,器官,/ja/archive/bps022
Thalictrum cultratumの花,器官,/ja/archive/bps023
Notholirion bulbuliferumの花,器官,/ja/archive/bps035-bps036
Musella lasiocarpaの花,器官,/ja/archive/bps037-bps038-bps039
シュウメイギクの花,器官,/ja/archive/bps046-bps047
ムカゴトラノオの花,器官,/ja/archive/bps048
Balanophora involucratの花,器官,/ja/archive/bps049-bps050
Carex continuaの花,器官,/ja/archive/bps051-bps052
Iris ruthenica var. nanaの花,器官,/ja/archive/bps053
Rhododendron setosumの花,器官,/ja/archive/bps057-bps058
Saussurea medusaの花,器官,/ja/archive/bps065
Chlorophytum chinenseの花,器官,/ja/archive/bps079-bps080
Aletris paucifloraの花,器官,/ja/archive/bps081-bps082-bps083-bps084-bps085
Tofieldia divergensの花,器官,/ja/archive/bps086
Roscoea cautleoidesの花,器官,/ja/archive/bps089-bps090
Ophiopogon bodinieriの花,器官,/ja/archive/bps091
Roscoea cautleoidesの花,器官,/ja/archive/bps095
Aletris paucifloraの花,器官,/ja/archive/bps099-bps100-bps101
Quercus semicarpifoliaの葉,器官,/ja/archive/bps102-bps103
バイモの花,器官,/ja/archive/bps108-bps110
ウバユリ,器官,/ja/archive/bps109-bps111
ユキワリイチゲの花,器官,/ja/archive/bps112
アオキの花,器官,/ja/archive/bps113
ヤマブキの花,器官,/ja/archive/bps114
シキミの花,器官,/ja/archive/bps115
スズランの花,器官,/ja/archive/bps116
ドクダミの花,器官,/ja/archive/bps119
ミツマタの花,器官,/ja/archive/bps121
フタバアオイの花,器官,/ja/archive/bps122
ニリンソウの花,器官,/ja/archive/bps123
キンポウゲの花,器官,/ja/archive/bps125
セリバオウレンの果実,器官,/ja/archive/bps137
ショウジョウバカマの花,器官,/ja/archive/bps138-bps139
ホウチャクソウの花,器官,/ja/archive/bps141-bps142-bps143-bps144
ワサビの花,器官,/ja/archive/bps147
オオムラサキツユクサの花,器官,/ja/archive/bps151-bps152
ネジバナの花,器官,/ja/archive/bps153-bps155-bps156
ノギランの花,器官,/ja/archive/bps154
オオムラサキツユクサの花,器官,/ja/archive/bps157
アジサイの花,器官,/ja/archive/bps158-bps159
ヤブミョウガの花,器官,/ja/archive/bps160
シロツメクサの花,器官,/ja/archive/bps163
グラジオラスの花,器官,/ja/archive/bps164
ソテツ,器官,/ja/archive/bps165-bps166
ウバユリの花,器官,/ja/archive/bps167-bps168-bps169
イチョウの種子,器官,/ja/archive/bps170
フサザクラの果実,器官,/ja/archive/bps171-bps172
エゴノキの花,器官,/ja/archive/bps173
マンネンスギの胞子嚢穂,器官,/ja/archive/bps179-bps180
ヒメハギの花,器官,/ja/archive/bps186-bps187-bps188-bps189
シラタマカズラの果実,器官,/ja/archive/bps193
フウトウカズラの花,器官,/ja/archive/bps194
ミヤマキンポウゲの花,器官,/ja/archive/bps203
クロトウヒレンの花,器官,/ja/archive/bps214
チシマアマナの果実,器官,/ja/archive/bps216-bps217-bps218
カツラ,器官,/ja/archive/bps219-bps221-bps222-bps223
オガラバナの花,器官,/ja/archive/bps225
コマクサの花,器官,/ja/archive/bps232-bps233-bps234
キバナシャクナゲの花,器官,/ja/archive/bps235
ウルップソウの花,器官,/ja/archive/bps237
ミヤマハンノキの花,器官,/ja/archive/bps238
タケシマランの花,器官,/ja/archive/bps249-bps250
スズメウリの花,器官,/ja/archive/bps258-bps259-bps260-bps261
ユキヤナギの花,器官,/ja/archive/bps262
レンギョウの花,器官,/ja/archive/bps263-bps264
スノーフレークの花,器官,/ja/archive/bps265
ヒアシンスの花,器官,/ja/archive/bps266-bps267-bps268
タイサンボクの果実,器官,/ja/archive/bps269-bps270
アカメガシワの葉,器官,/ja/archive/bps271
アカメガシワの葉,器官,/ja/archive/bps272
ホタルブクロの花,器官,/ja/archive/bps273-bps274
オオイヌノフグリの花,器官,/ja/archive/bps275
キランソウの花,器官,/ja/archive/bps278
アケボノソウの花,器官,/ja/archive/bps289-bps290-bps291-bps292-bps293-bps294
センリョウの花,器官,/ja/archive/bps299-bps300-bps301-bps302-bps303
サンショウの果実,器官,/ja/archive/bps304
アジサイの花,器官,/ja/archive/bps305-bps306-bps307
イワショウブの果実,器官,/ja/archive/bps312-bps313-bps314
キンコウカの果実,器官,/ja/archive/bps315-bps316-bps325
アカモノの果実,器官,/ja/archive/bps317
チングルマの果実,器官,/ja/archive/bps321
ハマダイコンの花,器官,/ja/archive/bps346
フウトウカズラの花,器官,/ja/archive/bps347-bps348
ハマヒルガオの花,器官,/ja/archive/bps349-bps350-bps351
アメリカネナシカズラの花,器官,/ja/archive/bps352-bps353-bps354-bps355
フウトウカズラの花,器官,/ja/archive/bps356-bps357
Curculigo capitulataの花,器官,/ja/archive/bps358-bps359-bps360
嗜好品として売られるキンマの葉,器官,/ja/archive/bps365
Iphigenia indicaの花,器官,/ja/archive/bps366
コキンバイザサの花,器官,/ja/archive/bps367
パラミツ,器官,/ja/archive/bps374-bps375
市場で売られていた蒟蒻,器官,/ja/archive/bps377
ユウゲショウの花,器官,/ja/archive/bps378
ブクリョウサイの花,器官,/ja/archive/bps379
コシノコバイモの花,器官,/ja/archive/bps390-bps391
ポポーの花,器官,/ja/archive/bps392-bps393
ホオノキの花,器官,/ja/archive/bps394-bps395
クリの花,器官,/ja/archive/bps396-bps397-bps398
Musella lasiocarpaの花,器官,/ja/archive/bps399-bps400
クロユリの花,器官,/ja/archive/bps413
Daiswa polyphyllaの花,器官,/ja/archive/bps418
京大北部構内水田ウキクサとイネ,生物群集,/ja/archive/bcb005
鹿児島県屋久島におけるニホンザルとニホンジカの集まり,生物群集,/ja/archive/zhe060
Halenia ellipticaの花,生物群集,/ja/archive/bps024-bps025-bps026-bps027
マツカゼソウの花,生物群集,/ja/archive/bps286
マツカゼソウの花,生物群集,/ja/archive/bps287
マツカゼソウの花,生物群集,/ja/archive/bps288
カゴメノリ,生物群集,/ja/archive/bps331-bps332
フクロノリ,生物群集,/ja/archive/bps343
